ASIN,FBA_Cost,NARF_Cost
B006CV65R8,105.1276,109.3293
B006CV6W6M,103.5181,106.794
B006K40R1C,93.8614,97.6215
B006K424RM,82.5952,85.8995
B006K42U7G,74.5479,77.4677
B006K42UPS,79.3762,82.4812
B009QYOOUI,56.8438,58.6669
B009QYOPAW,64.8911,66.9706
B009QYOXUE,53.6249,55.3483
B009QYQ2T4,60.0627,61.9855
B009QYQ32A,61.6722,63.652
B009QYQ3A2,64.8911,66.9706
B009QYQ4ZQ,52.0154,53.6961
B009QYQ56E,52.0154,53.6961
B00FZYFPME,89.033,92.5225
B00FZYFPNI,90.6425,94.189
B00FZYFPP6,84.2046,87.509
B00I4JHYLW,77.7668,80.8148
B00I4JHYPI,80.9857,84.1619
B00I4JHYQC,79.3762,82.4812
B00I4JI2A4,76.1573,79.1484
B00I8CWQH2,64.8911,66.9706
B00IS8RSG0,79.3762,82.4812
B00IS8RTMS,80.9857,84.1619
B00IS8RX1A,79.3762,82.4812
B00KQG9RKW,68.11,70.7877
B00KR9CU8E,84.2046,87.5802
B00KR9CWV4,87.4235,90.9273
B00KR9CZMA,84.2046,87.5802
B00KR9D0VK,79.3762,82.5524
B00KR9D204,87.4235,90.9273
B00KRWCACM,79.3762,82.4812
B00LN0D3VE,42.6578,38.7552
B00LN0DEIG,42.6578,38.7552
B00NB2GI3M,79.3762,82.4812
B00O1LLEIG,37.0603,33.7844
B00O1S1DTY,56.8438,58.6669
B00O1S1HUE,60.0627,61.9855
B00O1S1L64,61.6722,63.652
B00O1S1OFW,64.8911,66.9706
B00O1S26GS,84.2046,87.5802
B00O1S27SA,58.4533,60.3333
B00O1S29MO,87.4235,90.9273
B00O1S2B54,52.0154,53.6961
B00O1S2EGA,61.6722,63.652
B00O1S2G1S,84.2046,87.5802
B00O1S2KGY,87.4235,90.9273
B00O1S2PE6,52.0154,53.6961
B00O1S2U0K,52.0154,53.6961
B00O1S2XEI,55.2344,57.0147
B00O1S30HW,55.2344,57.0147
B00O1S34L4,58.4533,60.3333
B00O1S3B6W,61.6722,63.652
B00O1S3EF0,61.6722,63.652
B00PAZDYEO,84.2046,87.509
B00PAZDYFI,90.6425,94.189
B00PAZW8LY,84.2046,87.509
B00PFED47M,163.0681,169.5772
B00PM9XRZ4,163.0681,168.1813
B00RDZGKVS,64.8911,66.9706
B00RDZGKY0,64.8911,66.9706
B00RDZGKYK,66.5006,68.6228
B00RDZGKZO,66.5006,68.6228
B00RDZGL1C,68.11,70.2892
B00RDZGLBC,64.8911,66.9706
B00TU4PV10,68.11,70.7877
B00TU4PV1K,68.11,70.7877
B00TU4PV2Y,64.8911,67.4406
B00TU4PV3I,64.8911,67.4406
B00TU4PV4M,64.8911,67.4406
B00TU4PV4W,68.11,70.7877
B00TU4PV88,64.8911,67.4406
B00TU4PVAG,68.11,70.7877
B00TU4PVAQ,64.8911,67.4406
B00XRG0EOG,93.8614,97.6215
B0156TBCW4,90.6425,94.189
B0156TBCWE,89.033,92.5225
B0156TBD1O,89.033,92.5225
B0156TBD82,90.6425,94.189
B0156TBD9G,90.6425,94.189
B0156TBDDW,84.2046,87.509
B0156V175Y,89.033,92.5225
B0156V17AE,89.033,92.5225
B0156V17AO,84.2046,87.509
B0156V17AY,84.2046,87.509
B0156V17CM,90.6425,94.189
B0156V17DQ,89.033,92.5225
B0156V17EU,89.033,92.5225
B0156V17FE,84.2046,87.509
B0156V17G8,90.6425,94.189
B0156V17H2,90.6425,94.189
B0156V17JU,90.6425,94.189
B0156V17L8,84.2046,87.509
B017BN6098,68.11,70.7877
B018KKG9WO,74.5479,77.4677
B018KKGCJE,79.3762,82.4812
B018KLBXC4,74.5479,77.4677
B018RRES2I,79.3762,82.5524
B01AVT0KKY,61.6722,63.652
B01AVT0LPI,60.0627,61.9855
B01B6ESTHY,68.11,70.2892
B01BA72PJU,116.3938,120.0685
B01IW7PPBG,77.7668,80.8148
B01IW7PQR4,79.3762,82.4812
B01K1YTZ9Q,31.4485,28.9845
B01LQVMCC0,68.11,70.7877
B01LQVME7I,72.9384,75.8012
B01LWOJGCA,68.11,70.7877
B01LXYZ9JI,84.2046,87.509
B01LYB3HNO,68.11,70.7877
B01M0L466G,64.8911,67.4406
B01M7N87OS,74.5479,77.4677
B06Y5RKLLY,63.2816,65.7599
B06Y5RP3MM,68.11,70.7877
B06Y5SDXJZ,63.2816,65.7599
B06Y5TP91T,74.5479,77.4677
B06Y5TVDR1,69.7195,72.4541
B06Y5TVFVF,69.7195,72.4541
B06Y5TWKDV,74.5479,77.4677
B06Y5TWM8F,69.7195,72.4541
B06Y5TY1F7,74.5479,77.4677
B06Y5TZS68,72.9384,75.8012
B06Y5WSCDS,63.2816,65.7599
B06Y5WVF7L,63.2816,65.7599
B06Y5YGF3G,72.9384,75.8012
B06Y6291YF,74.5479,77.4677
B06Y62BVTZ,74.5479,77.4677
B06Y62BWKW,69.7195,72.4541
B06Y62M7K4,69.7195,72.4541
B06Y62PMZ3,72.9384,75.8012
B06Y63MMJT,69.7195,72.4541
B06Y647SC8,72.9384,75.8012
B06Y64CFW9,63.2816,65.7599
B06Y64P7QS,69.7195,72.4541
B06Y64Q1WD,74.5479,77.4677
B06Y64W4T5,68.11,70.7877
B06Y64YTVT,74.5479,77.4677
B06Y65BGB2,68.11,70.7877
B07141RY1B,74.5479,77.4677
B072F5DZPG,63.2816,65.7599
B073GZFGX1,77.7668,80.8148
B073QXGS7Z,64.8911,66.9706
B073YZB6BH,80.9857,84.1619
B073Z5Q95T,79.3762,82.4812
B073Z5VWDV,76.1573,79.1484
B074LS4VZB,21.4215,22.2903
B074M1NZS1,21.4215,22.2903
B0756JMLHX,56.8438,58.6669
B075BT8FCD,72.9384,75.8012
B075C1JX5H,68.11,70.2892
B075C3TR7J,72.9384,75.8012
B075C4DW23,74.5479,77.4677
B075C57GZM,68.11,70.2892
B075C64TPZ,68.11,70.7877
B075C6JLVS,90.6425,94.189
B075C7Q17M,63.2816,65.3042
B075C826N4,69.7195,72.4541
B0764K97MF,93.8614,97.6215
B076DL1LZW,74.5479,77.4677
B076DLNB7P,89.033,92.5225
B076JNGVNB,79.3762,82.4812
B076MVHL13,98.6897,102.6351
B076MWXKBL,122.8316,127.7455
B076NFKP4G,90.6425,94.2744
B076PG4JMD,108.3465,111.7648
B076PLKF3X,106.737,111.0099
B076PLKGMZ,153.4114,159.5358
B076PLYXS9,127.66,132.759
B076TCVL8J,69.7195,72.4541
B0776758GY,79.3762,82.4812
B07767K2VW,74.5479,77.4677
B0776DHJL4,68.11,70.7877
B0776HH8HT,74.5479,77.4677
B0776HRPTF,69.7195,72.4541
B077CFLT4X,69.7195,72.4541
B077QV8VQ6,80.9857,84.1619
B077QXVH43,77.7668,80.8148
B077RGMZDT,74.5479,77.4677
B077RHGF5N,77.7668,80.8148
B077S214TH,77.7668,80.8148
B077WDW37H,103.5181,106.794
B077XJFKFQ,72.9384,75.8012
B077XMYG3W,69.7195,72.4541
B0784MZ9WZ,74.5479,77.4677
B0784NDV1D,79.3762,82.4812
B078LJSNBZ,90.6425,94.189
B078LJTY4X,84.2046,87.509
B078LS141W,89.033,92.5225
B078LXRG6N,77.7668,80.8148
B078NXHWG2,77.7668,80.8148
B078NZDDMC,74.5479,77.4677
B078NZXCTN,79.3762,82.4812
B078P1HKMK,79.3762,82.4812
B078P2KC5H,77.7668,80.8148
B078P3PGYD,74.5479,77.4677
B078QCZJWH,105.1276,109.2438
B078TYXYRM,105.1276,109.3293
B078V1DD8F,79.3762,82.4812
B078V2JCXW,45.5776,47.4149
B078V2PG39,68.11,70.7877
B078V5H9GG,42.3587,44.0678
B0793D8N5F,16.5361,15.5249
B0793JGFHV,16.5361,15.5249
B0793JJTYV,16.5361,15.5249
B0793K2SX1,16.5361,15.5249
B0793K9FYX,16.5361,15.5249
B0793KXHT9,16.5361,15.5249
B0793L451J,16.5361,15.5249
B0793LBRFG,22.1194,20.4814
B0793YCQ2J,90.6425,94.189
B079478L6Y,105.1276,109.2438
B07958SWM9,58.4533,60.3333
B07958V484,52.0154,53.6961
B07958XN32,60.0627,61.9855
B07958YZCV,61.6722,63.652
B07958ZG1K,61.6722,63.652
B0795935VJ,58.4533,60.3333
B0795952M5,55.2344,57.0147
B07959HMSB,55.2344,57.0147
B07959JSR7,55.2344,57.0147
B07959QXLL,61.6722,63.652
B07959YQN6,56.8438,58.6669
B0795B3W6W,58.4533,60.3333
B0795BDNF6,52.0154,53.6961
B0795C6K84,74.5479,77.4677
B0795D4HXQ,77.7668,80.8148
B0795DQY7K,68.11,70.7877
B0797YPNW3,68.11,70.7877
B0797YQ79S,22.1194,20.4814
B0797YTJJ5,71.3289,74.1206
B0797Z39JL,71.3289,74.1206
B0797ZC1QL,71.3289,74.1206
B0798RHD92,42.6578,38.7552
B079N6C374,63.2816,65.7599
B079N9H6NN,68.11,70.7877
B079TM6BD9,74.5479,77.4677
B079TN31QH,63.2816,65.7599
B079TN4N38,68.11,70.7877
B079TXPNGG,66.5006,69.107
B07B2Y36RW,42.6578,38.7552
B07B2YKX8X,42.6578,38.7552
B07B2YZKNB,16.5361,15.5249
B07B2Z2Y3F,42.6578,38.7552
B07B2Z8P7S,16.5361,15.5249
B07B2Z91XR,42.6578,38.7552
B07B2ZDMGJ,42.6578,38.7552
B07B2ZF6H7,42.6578,38.7552
B07B2ZFNVR,42.6578,38.7552
B07B2ZJG58,22.1194,20.4814
B07B2ZKGJ8,16.5361,15.5249
B07B2ZL8HX,16.5361,15.5249
B07B2ZMC54,42.6578,38.7552
B07B2ZQ5M8,42.6578,38.7552
B07B2ZRLC3,16.5361,15.5249
B07B2ZRXTT,42.6578,38.7552
B07B2ZTM58,42.6578,38.7552
B07B2ZWLGN,42.6578,38.7552
B07B2ZXGLV,16.5361,15.5249
B07B2ZXYQG,42.6578,38.7552
B07B311NPJ,42.6578,38.7552
B07B31G2VW,42.6578,38.7552
B07B31GY74,42.6578,38.7552
B07B31N6XK,42.6578,38.7552
B07B31VZVT,42.6578,38.7552
B07B3JP8BM,72.9384,75.8012
B07B3YD1CW,43.9681,45.7343
B07B422148,71.3289,74.1206
B07B66NSLP,61.6722,63.652
B07B67TQHX,72.9384,75.8012
B07B7PRB9G,84.2046,87.509
B07BP8GBVB,105.1276,109.3293
B07BT1Y7G1,71.3289,74.1206
B07BT2T9BZ,119.6127,123.3871
B07BTH79MT,71.3289,74.1206
B07BTHF28D,74.5479,77.4677
B07C36XSDF,71.3289,74.1206
B07C3ZCWPT,69.7195,72.4541
B07C3ZSN93,69.7195,72.4541
B07C9TLZJD,80.9857,84.1619
B07C9TN3MS,68.11,70.7877
B07CNCRV3R,42.6578,38.7552
B07CRD1SZF,69.7195,72.4541
B07CVMNWMM,42.6578,38.7552
B07CVNV99L,42.6578,38.7552
B07CVNX743,42.6578,38.7552
B07D2BMTLM,64.8911,67.4406
B07D336DVD,93.8614,97.6215
B07D41Y7T2,89.033,92.5225
B07D422NSN,84.2046,87.509
B07DBLF492,72.9384,75.8012
B07DF91ZQ4,69.7195,72.4541
B07DF9KJZP,74.5479,77.4677
B07DFCHR8D,68.11,70.7877
B07DLDHWDH,56.8438,58.6669
B07DT9VK89,76.1573,79.1484
B07DTDX4L4,79.3762,82.4812
B07F5SBNGP,63.2816,65.3042
B07F6JJ7PW,80.9857,84.1619
B07FK2VRMQ,84.2046,87.509
B07FN6RR96,82.5952,85.8995
B07FP7TZKH,153.4114,159.5358
B07FPFNWWY,153.4114,159.5358
B07FPT65ZC,93.8614,97.6215
B07FPVC8DM,93.8614,97.6215
B07FPVJKD2,93.8614,97.6215
B07FR9MYLQ,42.6578,38.7552
B07FRTKXKZ,77.7668,80.8148
B07FV2LFXN,79.3762,82.4812
B07G7GS9LH,46.3895,42.0738
B07G7K971H,46.3895,42.0738
B07G9KZ7DK,68.11,70.7877
B07G9M2GR6,72.9384,75.8012
B07G9M2W4Y,68.11,70.7877
B07G9MCDJY,71.3289,74.1206
B07G9MDMDG,72.9384,75.8012
B07G9MP42M,76.1573,79.1484
B07G9MWB3T,76.1573,79.1484
B07G9MWJ8W,72.9384,75.8012
B07G9MZCPZ,68.11,70.7877
B07G9N7YKS,80.9857,84.1619
B07G9N8NF2,105.1276,109.2438
B07G9N8RYC,76.1573,79.1484
B07G9NQ4JJ,105.1276,109.2438
B07G9NR5Q2,68.11,70.7877
B07G9NWKHZ,72.9384,75.8012
B07G9NWKJ1,72.9384,75.8012
B07G9NYG57,68.11,70.7877
B07G9NYG78,66.5006,68.6228
B07G9NYJX1,63.2816,65.7599
B07G9PMYGC,68.11,70.7877
B07G9PQ6XN,80.9857,84.1619
B07G9PWTVL,72.9384,75.8012
B07G9PZHGG,63.2816,65.7599
B07G9Q9NYM,77.7668,80.8148
B07G9QB47G,72.9384,75.8012
B07G9QNQ4Y,63.2816,65.7599
B07G9RD666,63.2816,65.7599
B07G9RDKGN,72.9384,75.8012
B07G9S6THM,105.1276,109.2438
B07G9SQ53P,76.1573,79.1484
B07GCQB73R,79.3762,82.4812
B07GGYJWVX,64.8911,66.9706
B07GGZ6YK7,80.9857,84.1619
B07GM6JWD3,72.9384,75.8012
B07GM8Z4DR,79.3762,82.4812
B07GM99JNH,71.3289,74.1206
B07H1WJL3C,77.7668,80.8148
B07H1XFDT2,71.3289,74.1206
B07H84FGGN,89.033,92.5225
B07H8519PY,68.11,70.7877
B07HGFSHJC,74.5479,77.4677
B07HM43QR6,63.2816,65.3042
B07HWMLTHC,100.2992,104.3157
B07HWMVNLZ,42.6578,38.7552
B07HWMW2BT,53.6249,55.3483
B07HWNG49K,42.6578,38.7552
B07HWNG49R,84.2046,87.5802
B07HWP5TV4,63.2816,65.7599
B07HWPJL61,71.3289,74.1206
B07HWPLJMP,93.8614,97.6215
B07HWQRMWR,56.8438,58.6669
B07HWRK62Z,42.6578,38.7552
B07HWSDMCL,93.8614,97.6215
B07HWSXZ3X,77.7668,80.8148
B07HWSY4GS,84.2046,87.5802
B07HWT7WMJ,42.6578,38.7552
B07HWTRBGQ,52.0154,53.6961
B07HWV2TS2,79.3762,82.4812
B07HWV5KGQ,66.5006,68.6228
B07HWVC16Q,42.6578,38.7552
B07HWVDFF4,16.5361,15.5249
B07HWVWNGH,89.033,92.5937
B07HWWPHY1,79.3762,82.4812
B07HWWQYKR,42.6578,38.7552
B07HWX4QV6,16.5361,15.5249
B07HWX7C7G,87.4235,90.9273
B07HWX7MSJ,77.7668,80.8148
B07HWXBV6H,74.5479,77.4677
B07HWXD4WY,42.6578,38.7552
B07HWXDVQ6,76.1573,79.1484
B07HWXG9GP,42.6578,38.7552
B07HWYBSWR,42.6578,38.7552
B07HWYMHGK,42.6578,38.7552
B07HWZ61KY,90.6425,94.189
B07HWZFP6J,16.5361,15.5249
B07HX15ZNP,77.7668,80.8148
B07HX2ZD3B,80.9857,84.2331
B07HX311PX,77.7668,80.8148
B07HX39BQZ,89.033,92.5937
B07HX3KRR9,69.7195,72.4541
B07HX3TNTW,68.11,70.2892
B07HX48CFK,42.6578,38.7552
B07HX4J5MW,66.5006,68.6228
B07HX5G39D,16.5361,15.5249
B07HX5G39G,16.5361,15.5249
B07HX61KT3,42.6578,38.7552
B07HX65P1Z,76.1573,79.1484
B07HX686BR,98.6897,102.6351
B07HX6JRY8,42.6578,38.7552
B07HX8WWJY,77.7668,80.8148
B07HX9JHBG,100.2992,104.3157
B07JB94NCK,71.3289,74.1206
B07JBJFJJ8,42.6578,38.7552
B07JC9Z3JW,74.5479,77.4677
B07KT74SBK,74.5479,77.4677
B07KT8PS7P,71.3289,74.1206
B07KT8SKN1,74.5479,77.4677
B07KT8Z47W,71.3289,74.1206
B07LBYD7XB,42.6578,38.7552
B07LBYRK5B,46.3895,42.0738
B07LBYY3KL,42.6578,38.7552
B07LBYZWVK,46.3895,42.0738
B07LBZGQJD,116.3938,120.0685
B07LBZRCD7,42.6578,38.7552
B07LBZVTRG,42.6578,38.7552
B07LC11VCP,42.6578,38.7552
B07LC14WYZ,42.6578,38.7552
B07LC1F4Y2,42.6578,38.7552
B07LC1KLVP,42.6578,38.7552
B07LC1NFP7,42.6578,38.7552
B07LC1WC2N,42.6578,38.7552
B07LC2GXZT,42.6578,38.7552
B07LC34HPV,42.6578,38.7552
B07LC3L4N7,42.6578,38.7552
B07LFBWC8L,89.033,92.5225
B07LFC28NW,16.5361,15.5249
B07LFCDLDM,72.9384,75.8012
B07LFJDD77,76.1573,79.2053
B07LFJR8MN,77.7668,80.886
B07LFKFV81,89.033,92.5225
B07LFKHVQ7,89.033,92.5225
B07LFKVSGY,89.033,92.5225
B07LFL1C2V,89.033,92.5225
B07LFL5CRF,89.033,92.5225
B07LFLHQPZ,71.3289,74.1206
B07LFLL8XX,89.033,92.5225
B07LFLNC6Z,76.1573,79.1484
B07LFM2WM5,89.033,92.5225
B07LFMG84F,89.033,92.5225
B07LFMHLD6,89.033,92.5225
B07LFMHYZZ,89.033,92.5225
B07LFMKC8N,89.033,92.5225
B07LFMKRF3,89.033,92.5225
B07LFMLWGN,89.033,92.5225
B07LFMT2C2,89.033,92.5225
B07LG5KWNG,89.033,92.5225
B07LGD45LC,89.033,92.5225
B07LGDDCB7,89.033,92.5225
B07LGDLB6C,89.033,92.5225
B07LGDNL6G,89.033,92.5225
B07LGDR322,89.033,92.5225
B07LGDY4SL,89.033,92.5225
B07LGDYYYT,89.033,92.5225
B07LGDZ4YW,89.033,92.5225
B07LGF8KZ8,89.033,92.5225
B07LGFJ1DP,89.033,92.5225
B07LGFRCWV,89.033,92.5225
B07LGFWJFC,89.033,92.5225
B07LGG3MXG,89.033,92.5225
B07LGGF2W2,89.033,92.5225
B07LGHR61T,89.033,92.5225
B07LGHTWBV,89.033,92.5225
B07MS8VT2M,79.3762,82.5524
B07N2X9KTY,69.7195,72.4541
B07N66KFWC,68.11,70.7877
B07N68MSH3,72.9384,75.8012
B07N6FY1Q9,64.8911,67.4406
B07N6HN434,76.1573,79.1484
B07N6HVMSK,71.3289,74.1206
B07NCLMZD7,76.1573,79.1484
B07NNP8BRS,68.11,70.7877
B07NPGBNHC,84.2046,87.509
B07PDHS3ZN,58.4533,60.7464
B07PDHS674,60.0627,62.4271
B07PDN41MF,69.7195,72.4541
B07PF93YMN,68.11,70.7877
B07PFFKM11,63.2816,65.7599
B07PFFM9S3,60.0627,62.4271
B07PFFMKLZ,58.4533,60.7464
B07PGHFJMC,58.4533,60.7464
B07PGJ2M9B,60.0627,62.4271
B07PGK11WH,63.2816,65.7599
B07PGKWQDM,63.2816,65.7599
B07PGKYRZ9,61.6722,64.0935
B07PHKN9LW,72.9384,75.8012
B07PHL9T1D,61.6722,64.0935
B07PHLGYH6,61.6722,64.0935
B07PJ1JL89,74.5479,77.4677
B07PJPLKQW,63.2816,65.7599
B07PMRWBG5,82.5952,85.8995
B07PNT3L9P,77.7668,80.8148
B07PNT48N2,89.033,92.5225
B07PVPYGS6,74.5479,77.4677
B07PWM6NV3,71.3289,74.1206
B07PXXQYR4,90.6425,94.189
B07PYY6FH4,77.7668,80.8148
B07PZVTRXR,79.3762,82.4812
B07PZWLW96,61.6722,64.3499
B07Q3XSSHS,68.11,70.7877
B07R99JVXT,23.9567,22.2761
B07RBFSYN6,23.9567,22.2761
B07RDQNPJJ,76.1573,79.1484
B07RDWS2GZ,23.9567,22.2761
B07RJTQ99V,69.7195,72.4541
B07RL2TLX7,77.7668,80.8148
B07RZ9M99J,68.11,70.7877
B07S376X32,68.11,70.2892
B07S37C51X,35.9066,37.0745
B07S49F8CY,71.3289,74.1206
B07S8XXDCG,42.6578,38.7552
B07SC4D3JM,42.6578,38.7552
B07SC4DCN3,42.6578,38.7552
B07SD6THQN,42.6578,38.7552
B07SD7CWX6,42.6578,38.7552
B07SD7QN89,42.6578,38.7552
B07SF75TFV,42.6578,38.7552
B07SF8MS9S,42.6578,38.7552
B07TJCLN1X,76.1573,79.1484
B07TLHFBRZ,77.7668,80.8148
B07TRQ55RH,76.1573,79.1484
B07TS5W9R6,76.1573,79.1484
B07TS5WHBM,77.7668,80.8148
B07TSBCXWL,64.8911,66.9706
B07TSBDM2V,35.9066,37.0745
B07TSBDY26,89.033,92.5937
B07TT9BGVK,121.2222,125.0393
B07TTFT2NJ,31.4485,28.9845
B07TTFTG92,190.4289,198.0347
B07TTFTLBL,74.5479,77.4677
B07TTFV6S4,93.8614,97.6215
B07TVGG1S5,42.6578,38.7552
B07TVGH4VW,71.3289,74.1206
B07TWB6821,69.7195,72.4541
B07TWK97VF,93.8614,96.8382
B07TWK9TMB,42.6578,38.7552
B07TWK9Z9V,71.3289,74.1206
B07TWSX572,72.9384,75.8012
B07TXBY9T5,71.3289,74.1206
B07TXCH88F,71.3289,74.1206
B07TXN7HKW,89.033,92.5937
B07TXN97SD,23.9567,22.2761
B07TXNB4GZ,89.033,92.5937
B07TXWW3QD,76.1573,79.1484
B07TYHB9NY,71.3289,74.1206
B07TYKQG1J,74.5479,77.4677
B07TYL3YZ5,77.7668,80.8148
B07TYLD26N,56.8438,59.3079
B07V5WL3TJ,105.1276,109.3293
B07VBMSSPL,71.3289,74.1206
B07X2Z973F,76.1573,79.1484
B07X43FYCC,74.5479,77.4677
B07X63XHGH,77.7668,80.8148
B07XBM7YNH,72.9384,75.8012
B07XCQ47BF,74.5479,77.4677
B07XDLRBJT,84.2046,87.509
B07YLYX5K1,80.9857,84.2331
B07YYYMPNX,71.3289,74.1206
B07ZDGXSMX,77.7668,80.8148
B07ZPD6FYS,93.8614,97.6215
B07ZZCTPY6,56.8438,58.6669
B07ZZFVMRZ,60.0627,61.9855
B07ZZGR25H,64.8911,66.9706
B07ZZH3NGZ,61.6722,63.652
B07ZZLG2QM,42.6578,38.7552
B07ZZLL363,42.6578,38.7552
B07ZZM2VJY,42.6578,38.7552
B07ZZMCD5Z,42.6578,38.7552
B081S2FG53,74.5479,77.4677
B081S5S3L1,68.11,70.7877
B081S8VWMY,68.11,70.7877
B081SL5CN7,77.7668,80.8148
B081TS7G5V,92.2519,95.9408
B081Z7XHQ4,69.7195,72.4541
B081ZGBQR4,80.9857,84.1619
B08283WHG7,63.2816,65.7599
B08283YQHJ,63.2816,65.7599
B082849F3S,68.11,70.7877
B082849TF3,63.2816,65.7599
B082VVT7YF,84.2046,87.509
B082VVYQJ6,90.6425,94.189
B082VWHKHS,53.6249,55.3483
B082VWHYMF,89.033,92.5225
B082VWL4WL,52.0154,53.6961
B082VWQ5CW,53.6249,55.3483
B082VWRZN8,56.8438,58.6669
B082VWTPM4,66.5006,69.107
B082VWWCS4,66.5006,69.107
B082VWWF57,52.0154,53.6961
B082VWZCXP,52.0154,53.6961
B082VWZQ1B,66.5006,69.107
B082VX251R,52.0154,53.6961
B082VX44WN,56.8438,58.6669
B082VX62K6,66.5006,69.107
B082VX6PTK,66.5006,69.107
B082VXX3M3,66.5006,69.107
B084KRTJRY,42.6578,38.7552
B084KXGNPS,42.6578,38.7552
B084KZ5J5T,42.6578,38.7552
B084KZNN38,42.6578,38.7552
B084ZWR3W4,23.9995,22.3045
B084ZXDTNY,23.9995,22.3045
B084ZXF6QJ,23.9995,22.3045
B084ZXJPSB,23.9995,22.1621
B084ZXTPY6,71.3289,74.1206
B084ZXVY1C,71.3289,74.1206
B0857L7ZFM,42.6578,38.7552
B0857LRC3L,42.6578,38.7552
B0857LT9PD,42.6578,38.7552
B085885B8X,42.6578,38.7552
B08641WHNR,79.3762,82.4812
B08641X3SJ,77.7668,80.8148
B08641Z6TQ,76.1573,79.1484
B0864273ZY,89.033,92.5937
B08642GVHT,76.1573,79.1484
B08642RWR4,79.3762,82.4812
B08642S43T,69.7195,72.4541
B08642V8KM,74.5479,77.4677
B08642X5KS,77.7668,80.8148
B08642Z1FN,77.7668,80.8148
B086434V2X,77.7668,80.8148
B086438BCD,79.3762,82.4812
B08643BD45,79.3762,82.4812
B08643C3KJ,72.9384,75.8012
B08643GF3X,79.3762,82.4812
B08643KDDC,76.1573,79.1484
B08643LK7D,76.1573,79.1484
B08643M777,77.7668,80.8148
B08643Q95N,79.3762,82.4812
B08643QN9P,76.1573,79.1484
B086VP94L9,108.3465,111.7648
B086VPBNWQ,108.3465,111.7648
B0874SL5VC,79.3762,82.4812
B0882LQ4DV,55.2344,57.0147
B0882PJJT2,55.2344,57.0147
B0882PVCKP,55.2344,57.0147
B0882Y297K,55.2344,57.0147
B08886Z9ZC,105.1276,109.3293
B08B1VXVRN,11.7647,12.249
B08C2CSJCB,79.3762,82.4812
B08CDBRN5Y,63.2816,65.3042
B08CGGMNY4,63.2816,65.3042
B08CGHKXW4,155.0208,161.2165
B08CGK1DBQ,64.8911,66.9706
B08CGKXL9L,187.21,194.6876
B08CGP5RG9,68.11,70.2892
B08CGYB5WW,61.6722,63.652
B08CK9FVFP,92.2519,95.9408
B08CKGXSVC,95.4708,99.288
B08CKP8PQB,92.2519,95.9408
B08CMJX2T1,92.2519,95.9408
B08CMQY2PG,89.033,92.5937
B08CMTMK8Z,95.4708,99.288
B08CN19ZS1,92.2519,95.9408
B08CRGB8FM,55.2344,57.4563
B08CRKQMW4,55.2344,57.4563
B08CRLWGZ6,55.2344,57.4563
B08CRMX15X,55.2344,57.4563
B08CRPQ2TK,68.11,70.8447
B08CRR19XD,185.6005,193.0069
B08CTVNQX2,71.3289,74.1918
B08CTXJV25,71.3289,74.1918
B08CTZ2QJ3,71.3289,74.1918
B08CV6CVSD,89.033,92.5225
B08CV6LMHV,84.2046,87.509
B08CZL5C1Q,42.6578,38.7552
B08D686BV5,64.8911,67.4406
B08D6FYSWH,89.033,92.5225
B08D7HCDRX,77.7668,80.8148
B08D7HRKC5,79.3762,82.4812
B08D7HRRH9,80.9857,84.1619
B08D8ZKSPX,84.2046,87.509
B08DCSVWVG,89.033,92.5225
B08DCW1NVN,84.2046,87.509
B08DDCKMB5,84.2046,87.509
B08DKFKLHB,72.9384,75.8012
B08DNGJXQW,77.7668,80.8148
B08DQND82H,79.3762,82.4812
B08DR3NVQP,71.3289,74.1206
B08DR3R38X,79.3762,82.4812
B08DR4M4D3,74.5479,77.4677
B08DR5146J,77.7668,80.8148
B08DXRNMT6,76.1573,79.1484
B08F21ZQNX,42.6578,38.7552
B08F23YW9F,42.6578,38.7552
B08F24RY35,42.6578,38.7552
B08F2B68K9,42.6578,38.7552
B08F51H6JX,146.9735,152.8416
B08F9VDXYY,64.8911,67.4406
B08FJC4H82,42.6578,38.7552
B08FZQ86LC,92.2519,95.9408
B08FZQKQM6,95.4708,99.288
B08GL2DPFV,68.11,70.7877
B08J44J82H,93.8614,97.6215
B08J4CKYJB,74.5479,77.5389
B08KJ5QF3R,42.6578,38.7552
B08LZZ4K2Y,84.2046,87.509
B08MV7F876,111.5654,115.9238
B08MV7JNFW,111.5654,115.9238
B08MV7M139,111.5654,115.9238
B08MV8PCX8,111.5654,115.9238
B08MV98CKP,111.5654,115.9238
B08MWR6XZ7,84.2046,87.509
B08PFPFKJY,89.033,92.5225
B08PTKCCF9,89.033,92.5225
B08PTLD29L,85.8141,89.1754
B08PTM3P25,89.033,92.5225
B08Q3FCW4D,29.4688,30.6509
B08QDHJSLK,84.2046,87.509
B08QHZKNP2,100.2992,104.2303
B08QJ24DTM,100.2992,104.2303
B08QJ31RCH,100.2992,104.2303
B08QJ31WCQ,100.2992,104.2303
B08QJ3PCHY,100.2992,104.2303
B08RDBHHJS,23.9995,22.3045
B08S9596NX,23.9995,22.1621
B08S9MDV4D,23.9995,22.3045
B08TB6LPHM,77.7668,80.8148
B08TB6YT7H,76.1573,79.1484
B08TB84SLK,79.3762,82.4812
B08THQYRST,52.0154,53.6961
B08TP4RMH3,63.2816,65.3042
B08TP4XT2F,77.7668,80.8148
B08TP6XR1Z,68.11,70.7877
B08TP8LYPH,79.3762,82.4812
B08TP8MC48,79.3762,82.4812
B08TP8N6T7,89.033,92.5225
B08TPL8BLQ,76.1573,79.1484
B08TPSXV9S,76.1573,79.1484
B08TW7CPZH,79.3762,82.4812
B08TW7ZHTM,158.2397,164.4212
B08TWC8FDV,71.3289,74.1206
B08TWCYKV1,158.2397,164.4212
B08TWDW1X2,74.5479,77.4677
B08TWDWZ6P,158.2397,164.4212
B08TWF7M6C,77.7668,80.8148
B08TWF87LC,71.3289,74.1206
B08TWFHMB4,68.11,70.7877
B08TWFKP4L,79.3762,82.4812
B08TWFR91B,68.11,70.7877
B08TWG2FDK,71.3289,74.1206
B08V83QYY2,42.3587,44.0678
B08V855MZ9,74.5479,77.5389
B08V8921VD,74.5479,77.5389
B08V8DR4DD,45.5776,47.4149
B08V8FRVPW,42.3587,44.0678
B08V8H2VWB,45.5776,47.4149
B08V8LF88M,145.3641,151.1752
B08V8LYB35,43.9681,45.7343
B08V8M5G5H,42.3587,44.0678
B08V8NVS9Z,45.5776,47.4149
B08V8P8TB6,43.9681,45.7343
B08V8XLYZ3,43.9681,45.7343
B08VBDZKK3,42.6578,38.7552
B08VBH46G6,42.6578,38.7552
B08VBWMWVH,42.6578,38.7552
B08VC1QJZP,79.3762,82.5524
B08VC67SHK,42.6578,38.7552
B08WH6LKJG,79.3762,82.4812
B08WM2NHDP,76.1573,79.1484
B08WM2PM7Z,76.1573,79.1484
B08WM2XG33,79.3762,82.4812
B08WM4KX57,79.3762,82.4812
B08XJG2PQY,29.4688,30.6509
B08XJG4QZ1,29.4688,30.6509
B08XJN7R4B,29.4688,30.6509
B08XK9XX2V,29.4688,30.6509
B092V1951Y,84.2046,87.509
B093S9LYLT,84.2046,87.509
B093WD15C7,84.2046,87.509
B09463GQN3,16.5361,15.5249
B09466RLP5,16.5361,15.5249
B095J18FXW,84.2046,87.509
B095J3RQK2,90.6425,94.189
B097NBT92M,68.11,70.7877
B097NF6N51,69.7195,72.4541
B097TR3QYB,71.3289,74.1206
B098S2LBZ3,80.9857,84.1619
B099QTP382,68.11,70.7877
B09BFLQX29,80.9857,84.1619
B09F5988Y7,63.2816,65.7599
B09F5CD9JN,68.11,70.7877
B09F5FN5X1,158.2397,164.4212
B09F5FZGY7,74.5479,77.4677
B09F5G481J,109.956,114.2573
B09F5JMLVY,158.2397,164.4212
B09F5JP8BL,109.956,114.2573
B09F5MCVQK,109.956,114.2573
B09F5MJ6LM,158.2397,164.4212
B09F5MR6XC,158.2397,164.4212
B09F5RWSYD,72.9384,75.8012
B09F5SCYM9,158.2397,164.4212
B09F5SDT2Y,69.7195,72.4541
B09F5V7FFM,109.956,114.2573
B09F5XNJ9R,109.956,114.2573
B09F71WZ3X,106.737,110.9102
B09F72QC8R,106.737,110.9102
B09F73FN5W,106.737,110.9102
B09F73HXKP,106.737,110.9102
B09F74K6S1,106.737,110.9102
B09F9ZQ1KP,42.6578,38.7552
B09FB1CZL1,158.2397,164.4212
B09FB1DLSV,158.2397,164.4212
B09FB21FQG,42.6578,38.7552
B09FB3QQNR,158.2397,164.4212
B09FB41GR3,42.6578,38.7552
B09FB59Y7L,42.6578,38.7552
B09FBMQ65X,158.2397,164.4212
B09FTHLHY5,33.3144,30.4373
B09FTJ3R9Z,85.8141,89.1754
B09FTJCFK7,77.7668,80.8148
B09FTKLJ9Z,42.6578,38.7552
B09FTL82NM,80.9857,84.1619
B09FTLMKKG,42.6578,38.7552
B09FTM1NVM,42.6578,38.7552
B09FTMRWXD,42.6578,38.7552
B09FTMYT92,42.6578,38.7552
B09FTN2TZ2,42.6578,38.7552
B09FTND7L8,42.6578,38.7552
B09FTNDNLJ,42.6578,38.7552
B09FTNQVJQ,42.6578,38.7552
B09FTNTG5S,42.6578,38.7552
B09FTNXYSP,42.6578,38.7552
B09FTPR5HJ,42.6578,39.4674
B09FTPRZLD,42.6578,38.7552
B09FTPXVH5,42.6578,38.7552
B09FV6V9F7,42.6578,38.7552
B09HZYVSRT,68.11,70.2892
B09HZZ1YHV,63.2816,65.3042
B09HZZ9LWC,61.6722,63.652
B09HZZL5CL,64.8911,66.9706
B09HZZSPDL,61.6722,63.652
B09HZZTMG2,64.8911,66.9706
B09HZZYHZJ,64.8911,66.9706
B09J11Z86G,68.11,70.2892
B09J1228JS,68.11,70.2892
B09J127K2F,61.6722,63.652
B09J1284JW,63.2816,65.3042
B09LLHRW42,63.2816,65.3042
B09NDX2711,103.5181,106.794
B09NDX68JM,103.5181,106.794
B09NJQNCSM,42.6578,38.7552
B09NL5WJVJ,105.1276,109.3293
B09NL9MV3F,42.6578,38.7552
B09NLCX8CK,42.6578,38.7552
B09NLGM9CL,42.6578,38.7552
B09NML7PGZ,55.2344,57.4563
B09NMLTPXV,158.2397,164.4212
B09NMMGNP8,158.2397,164.4212
B09NMMKWT1,158.2397,164.4212
B09NMMTZTH,158.2397,164.4212
B09NMP1LFG,158.2397,164.4212
B09NMQ9N8B,80.9857,84.1619
B09NMQYLN5,80.9857,84.1619
B09NMRHWFJ,69.7195,72.4541
B09NMS2STF,68.11,70.7877
B09NMS424P,79.3762,82.4812
B09NMSFSRQ,71.3289,74.1206
B09NMSJH52,93.8614,97.6215
B09NQJST3W,55.2344,57.0147
B09NQJTYPL,52.0154,53.6961
B09NQKBWV6,52.0154,53.6961
B09NQKCNN7,55.2344,57.0147
B09NQKV4ND,52.0154,53.6961
B09NQM7SRB,55.2344,57.0147
B09PV77ZN7,93.8614,97.5361
B09QKJLMBM,84.2046,87.509
B09QKJQ9Q1,74.5479,77.4677
B09QKKCP2V,72.9384,75.8012
B09QKKGLTX,72.9384,75.8012
B09QKKZ7J7,68.11,70.7877
B09QKLDS5G,80.9857,84.2331
B09QKLQM9Z,90.6425,94.189
B09SKY47NC,158.2397,164.4212
B0B15MDXCJ,23.9995,22.1621
B0B15NQMZJ,23.9995,22.3045
B0B15PXVYT,23.9995,22.1621
B0B15QZ6V1,23.9995,22.1621
B0B15RC3P9,23.9995,22.3045
B0B15RPFPV,25.8653,23.8285
B0B1668H68,23.9995,22.3045
B0B169C4FV,25.8653,23.9852
B0B16CPQ4M,23.9995,22.1621
B0B16DCCR9,23.9995,22.1621
B0B16FLJ2G,23.9995,22.1621
B0B16HHVDX,25.8653,23.8285
B0B16MCNR6,23.9995,22.3045
B0B1JND6KT,87.4235,90.8419
B0B1JPJJXP,90.6425,94.189
B0B1JPP785,98.6897,102.5496
B0B1JPQ8VX,87.4235,90.8419
B0B1JQNKVJ,90.6425,94.189
B0B1JR17R5,93.8614,97.5361
B0B1JRJMSW,93.8614,97.5361
B0B1JRMCR1,93.8614,97.5361
B0B1JRPBQ4,98.6897,102.5496
B0B1JRZTRX,97.0803,100.8832
B0B1JS285Q,97.0803,100.8832
B0B1JS92RR,97.0803,100.8832
B0B1KDPPWY,90.6425,94.189
B0B1VT2YXG,23.9995,22.3045
B0B2FGX654,66.5006,69.3777
B0B2LY72WD,80.9857,84.1619
B0B2LZZY27,89.033,92.5225
B0B2M1295C,77.7668,80.8148
B0B2M74YH5,85.8141,89.1754
B0B3V6N985,23.9995,22.3045
B0B3V7MPZJ,23.9995,22.3045
B0B3V7SPPZ,23.9995,22.1621
B0B3W7KSJV,29.597,27.3323
B0B3W7S2QT,29.597,27.3323
B0B3W82CRT,29.597,27.3323
B0B3W8CB57,29.597,27.3323
B0B4D415SQ,23.9995,22.3045
B0B4HFZVGK,23.9995,22.1621
B0B4HG6D15,23.9995,22.1621
B0B4HGLQTK,23.9995,22.1621
B0B4HGXKX9,37.0603,33.7844
B0B4HH4JV8,37.0603,33.7844
B0B4HH7YT4,37.0603,33.7844
B0B4HHJ9D4,37.0603,33.7844
B0B4HHJW5T,37.0603,33.7844
B0B4HHN9N4,37.0603,33.7844
B0B4HHTXFH,37.0603,33.7844
B0B4HJ2Q3C,37.0603,33.7844
B0B4HJBHDJ,37.0603,33.7844
B0B4HJJRMR,37.0603,33.7844
B0B4HJSGM5,37.0603,33.7844
B0B4HNT4SG,37.0603,33.7844
B0B4PT9G11,42.6578,38.7552
B0B55V5BN9,68.11,70.7877
B0B55WNYNR,71.3289,74.1206
B0B562HR3V,71.3289,74.1206
B0B5FHWF61,84.2046,87.509
B0B5FJTGBD,84.2046,87.509
B0B5P4S3CP,84.2046,87.509
B0B65VZCYL,55.2344,57.0147
B0B67XYNNM,105.1276,109.3293
B0B7B7H9GL,55.2344,57.4563
B0B7BF82YB,55.2344,57.4563
B0B7SLSJXJ,84.2046,87.509
B0B7SNX8QD,90.6425,94.189
B0B7SP14K9,89.033,92.5225
B0B7SPFMNR,84.2046,87.509
B0B7ZSTM8P,59.4503,53.6961
B0B7ZTZXF7,59.4503,53.6961
B0B7ZXFD5Z,59.4503,53.6961
B0B7ZY5HWK,42.6578,38.7552
B0B7ZYQ747,59.4503,53.6961
B0B819BS8P,59.4503,53.6961
B0B81XVB2H,35.9066,37.0745
B0B8C8Y9SZ,66.5006,69.3777
B0B978VK2Z,29.597,27.3323
B0B9794WXN,29.597,27.3323
B0B979GMDK,29.597,27.3323
B0B97B7KPR,29.597,27.3323
B0B9B1NYNJ,23.9995,22.3045
B0B9B21NWB,23.9995,22.1621
B0B9B2D3VS,23.9995,22.1621
B0B9B2DSHR,23.9995,22.3045
B0B9B3KDF1,23.9995,22.1621
B0B9B3YRCV,23.9995,22.1621
B0B9C88Q47,29.597,27.3323
B0B9GXRQVY,29.597,27.3323
B0BB8MR6CT,68.11,70.7877
B0BB8PVS1X,71.3289,74.1206
B0BBJQMM7S,89.033,92.5225
B0BBKGYPVG,89.033,92.5225
B0BBL4SDN2,90.6425,94.189
B0BBL6YGHC,84.2046,87.509
B0BCPTS14T,90.6425,94.189
B0BGH89GST,84.2046,87.509
B0BLNZKQXK,48.2553,43.7403
B0BLNZRYL7,48.2553,43.7403
B0BMVSX4C8,87.4235,90.8419
B0BMVT7JZ2,61.6722,64.3499
B0BMVTQRJK,87.4235,90.8419
B0BMVTX3MS,87.4235,90.8419
B0BMVVCHQ2,87.4235,90.8419
B0BMVW3KM2,87.4235,90.8419
B0BMVW9SNF,87.4235,90.8419
B0BMVWP737,87.4235,90.8419
B0BMVWPYLT,87.4235,90.8419
B0BMVWR5MJ,87.4235,90.8419
B0BMVWSZZC,87.4235,90.8419
B0BMVX2Q87,87.4235,90.8419
B0BMVX5WL6,87.4235,90.8419
B0BMVY6LZ5,87.4235,90.8419
B0BMW7S7YB,87.4235,90.8419
B0BMW7W629,87.4235,90.8419
B0BN238SJN,89.033,92.5225
B0BN23H1FZ,85.8141,89.1754
B0BN24BL3B,80.9857,84.1619
B0BN24DHCM,80.9857,84.1619
B0BN24Y9HS,85.8141,89.1754
B0BN255595,77.7668,80.8148
B0BN255CSR,77.7668,80.8148
B0BN5LX883,58.4533,60.7464
B0BN5MJN4M,63.2816,65.7599
B0BN5MLV5X,60.0627,62.4271
B0BN5N4VLR,61.6722,64.0935
B0BN8R6FDH,46.3895,42.0738
B0BSLNLVN4,42.6578,38.7552
B0BSLNS1KC,42.6578,38.7552
B0BSLPTKCD,42.6578,38.7552
B0BSLQQZ3K,42.6578,38.7552
B0BSLRL7G4,46.3895,42.0738
B0BVXQQGXR,25.8653,23.9852
B0BVXXBZ1P,25.8653,23.9852
B0BVXYGH74,29.597,27.3323
B0BVY2Y7K5,25.8653,23.9852
B0BVY32GYQ,29.597,27.1472
B0BVY47L52,25.8653,23.9852
B0BVY5G8RQ,25.8653,23.8285
B0BVY5K1T2,25.8653,23.8285
B0BVY5NWTH,25.8653,23.9852
B0BVY9TRVT,25.8653,23.9852
B0BVYCHHNL,25.8653,23.8285
B0BVYD24D7,25.8653,23.9852
B0BVYDF13C,25.8653,23.9852
B0BVYNFV7G,23.9995,22.3045
B0BVYNVY7V,29.597,27.1472
B0BVYP3GRS,25.8653,23.9852
B0BVYS9P3L,25.8653,23.9852
B0BVYV49GR,29.597,27.3323
B0BWC2WTZ9,29.597,27.1472
B0BWCFLVSM,29.597,27.3323
B0BWCQJMMZ,29.597,27.3323
B0BXVX8NWD,85.8141,89.2466
B0BXVZ45JH,85.8141,89.2466
B0BXVZGQM8,85.8141,89.2466
B0BXW1W9TF,85.8141,89.2466
B0BXW2NMHC,85.8141,89.2466
B0BXW331KR,85.8141,89.2466
B0BXW46F3D,85.8141,89.2466
B0BXW4NY34,85.8141,89.2466
B0BXW4Y949,46.3895,42.0738
B0BXW67CRK,46.3895,42.0738
B0BXW6VHP5,46.3895,42.0738
B0BYY7GJNX,42.6578,38.7552
B0BYY8HTN3,42.6578,38.7552
B0BYY9M968,42.6578,38.7552
B0BYY9NZV6,42.6578,38.7552
B0BYY9TSKJ,46.3895,42.0738
B0BYYBCVHL,42.6578,38.7552
B0C22BW4L1,33.3144,30.4373
B0C22TR1VR,33.3144,30.4373
B0C9DWCN4B,23.9995,22.1621
B0C9DXKB87,23.9995,22.3045
B0C9DYZ55K,23.9995,22.3045
B0C9F1YV9H,23.9995,22.1621
B0CBQ5WCGQ,46.3895,42.0738
B0CCPLJZWM,33.3144,30.4373
B0CFFVH9JD,23.9995,22.3045
B0CFFXWS9Q,23.9995,22.1621
B0CFFYF814,25.8653,23.8285
B0CFFYKHXG,25.8653,23.8285
B0CFFZ3CND,25.8653,23.9852
B0CFFZ3GRH,29.597,27.1472
B0CFFZV484,23.9995,22.3045
B0CFFZXYN3,23.9995,22.3045
B0CFG11XM6,25.8653,23.8285
B0CFG131N9,23.9995,22.1621
B0CFG23W94,27.7311,25.6516
B0CFRFZYZX,23.9995,22.3045
B0CG9VGPB7,46.3895,42.0738
B0CG9W233T,46.3895,42.0738
B0CG9W26B7,46.3895,42.0738
B0CG9W4BBN,46.3895,42.0738
B0CG9WV6MM,46.3895,42.0738
B0CG9Z45BG,46.3895,42.0738
B0CHWHF2HS,42.6578,38.7552
B0CHWJP4CK,42.6578,38.7552
B0CHWKKQ5N,42.6578,38.7552
B0CHWKN4YM,42.6578,38.7552
B0CHWKTBNP,42.6578,38.7552
B0CHWL18LW,42.6578,38.7552
B0CHWLHBKZ,42.6578,38.7552
B0CHWLM7BB,42.6578,38.7552
B0CHWLWJ6Q,42.6578,38.7552
B0CHWLYG96,42.6578,38.7552
B0CHWMB41K,42.6578,38.7552
B0CHWMJFM2,42.6578,38.7552
B0CHWMM1N8,42.6578,38.7552
B0CHWMP1ZS,42.6578,38.7552
B0CHWMWHYG,42.6578,38.7552
B0CHWNG5HR,42.6578,38.7552
B0CHWNQQ8X,42.6578,38.7552
B0CHWP137W,42.6578,38.7552
B0CHWP6DTS,42.6578,38.7552
B0CHWTGVNB,42.6578,38.7552
B0CJ5KZ44C,42.6578,38.7552
B0CJ5LFZ7S,42.6578,38.7552
B0CJ5MG9ZQ,42.6578,38.7552
B0CKLRQ6RT,46.3895,42.0738
B0CKLSJYMP,46.3895,42.0738
B0CKLTSB1N,46.3895,42.0738
B0CKLVWT1V,46.3895,42.0738
B0CKWCVJM3,23.9995,22.3045
B0CKWDPK9R,29.597,27.3323
B0CKWDRBTM,23.9995,22.3045
B0CKWDV9H1,23.9995,22.1621
B0CKWDZRSK,29.597,27.3323
B0CKWF5HWP,23.9995,22.3045
B0CKWFB5KM,29.597,27.3323
B0CKWFF9FL,29.597,27.1472
B0CKWFW5Z7,29.597,27.3323
B0CKWG12R5,23.9995,22.1621
B0CKWG6ZK8,29.597,27.3323
B0CKWGCH94,23.9995,22.1621
B0CKWGGJN8,29.597,27.3323
B0CKWGQRWX,29.597,27.3323
B0CKWGSL2L,25.8653,23.9852
B0CKWHKCNL,29.597,27.3323
B0CKWHMXKZ,29.597,27.3323
B0CKWHWQ5X,23.9995,22.1621
B0CKWHXMQ3,23.9995,22.1621
B0CKWJSZGB,23.9995,22.1621
B0CKWKQWQT,23.9995,22.1621
B0CLVS839N,29.597,27.1472
B0CNRXJGWR,66.5006,68.2952
B0CNRXPYZ3,66.5006,68.2952
B0CNRXRMZ9,66.5006,69.3777
B0CNRYMZ3N,66.5006,69.3777
B0CNS17GD2,66.5006,69.3777
B0CQ2VKBXF,93.8614,96.8382
B0CQ2XJC3N,121.2222,125.0393
B0CQ2Y79VM,121.2222,125.0393
B0CQ2YD664,93.8614,96.8382
B0CQ2YN44Y,119.6127,123.3871
B0CQ2ZC5VX,119.6127,123.3871
B0CQTMDDWN,77.7668,80.8148
B0CQTMTFH8,80.9857,84.1619
B0CR1PV514,89.033,92.5225
B0CR1QM7W1,29.597,27.1472
B0CR1RDQY8,29.597,27.1472
B0CR1RTVGG,23.9995,22.1621
B0CR1SPXZ8,23.9995,22.3045
B0CR4B3TBT,27.7311,25.4807
B0CR4BD3BW,25.8653,23.9852
B0CSDMX8JK,56.8438,59.3079
B0CSG4W6FB,33.3144,30.4373
B0CSG6W55D,42.6578,38.7552
B0CSG91FBL,33.3144,30.4373
B0CSG9LRKQ,33.3144,30.4373
B0CST5CMLG,42.6578,38.7552
B0CST5PYXR,46.3895,42.0738
B0CST5Q4RZ,42.6578,38.7552
B0CST5R2F8,42.6578,38.7552
B0CST67SQT,42.6578,38.7552
B0CST6C9J8,46.3895,42.0738
B0CST6K3ND,42.6578,38.7552
B0CST6VP7J,42.6578,38.7552
B0CST6XYVJ,42.6578,38.7552
B0CST7SZ3J,42.6578,38.7552
B0CTLKMD8M,42.6578,38.7552
B0CTLNDMHG,42.6578,38.7552
B0CTLPPFZZ,42.6578,38.7552
B0CTLQ17TW,42.6578,38.7552
B0CTLRCHCQ,42.6578,38.7552
B0CTLRCT2W,42.6578,38.7552
B0CTM1Z625,42.6578,38.7552
B0CV4FLX25,106.737,110.9102
B0CV4GC1CP,106.737,110.9102
B0CV4GLHLG,106.737,110.9102
B0CV4GVMM7,106.737,110.9102
B0CVQR9DY8,77.7668,80.886
B0CVS5X1ND,72.9384,75.8582
B0CVS7JNKW,76.1573,79.2053
B0CZ4CFF8Z,42.6578,38.7552
B0CZ4D4YM7,46.3895,42.0738
B0CZ4DXPWL,42.6578,38.7552
B0CZ4DYY36,42.6578,38.7552
B0CZ4F476B,42.6578,38.7552
B0CZ4F4SM2,42.6578,38.7552
B0CZ4F6HN9,42.6578,38.7552
B0CZ4F8L3V,46.3895,42.0738
B0CZ4FD19Z,42.6578,38.7552
B0CZ4FF1V1,42.6578,38.7552
B0CZ4FG3CQ,42.6578,38.7552
B0CZ4FMTVJ,46.3895,42.0738
B0CZ4FSF8D,42.6578,38.7552
B0CZ4G15RN,42.6578,38.7552
B0CZ4G76MZ,42.6578,38.7552
B0CZ4G93CP,46.3895,42.0738
B0CZ4G99MG,42.6578,38.7552
B0CZ4GHWFW,42.6578,38.7552
B0CZ4GMFV8,42.6578,38.7552
B0CZ4GSVRD,46.3895,42.0738
B0CZ4GV2D1,42.6578,38.7552
B0CZ78SZS6,42.6578,38.7552
B0CZ78WVW5,42.6578,38.7552
B0CZ78ZWFN,42.6578,38.7552
B0CZ7B377Z,42.6578,38.7552
B0CZ7BDHHD,46.3895,42.0738
B0D1YGLTN4,11.7647,12.249
B0D1YL3TC6,82.5952,85.8283
B0D1YN7N7V,79.3762,82.4812
B0D6W7G2MG,64.8911,66.9706
B0D6W8YTBM,61.6722,63.652
B0D6W9122B,64.8911,66.9706
B0D6W96J4Q,61.6722,63.652
B0D6W99XDJ,63.2816,65.3042
B0D6W9FSRP,63.2816,65.3042
B0D6WB519R,61.6722,63.652
B0D6WBC1PN,66.5006,68.6228
B0D6WBKZWG,63.2816,65.3042
B0D6WBR9ZP,66.5006,68.6228
B0D6WDD8VP,66.5006,68.6228
B0D6WDW4PV,60.0627,62.4698
B0D6WFSVC7,64.8911,66.9706
B0D8JHPF5C,42.6578,38.7552
B0D8JHWP8B,42.6578,38.7552
B0D8JK5D4B,42.6578,38.7552
B0D8JMBFGJ,42.6578,38.7552
B0D9NSWQ74,31.4485,28.9845
B0DK9ML92T,15.6246,16.2655
B0DK9N3WFJ,15.6246,16.2655
B0DK9P2TCS,15.6246,16.2655
B0DK9PGMHD,15.6246,16.2655
B0DK9PKDX7,15.6246,16.2655
B0DK9PKHKN,15.6246,16.2655
B0DK9PN67Z,15.6246,16.2655
B0DK9PQ3VZ,15.6246,16.2655
B0DK9PVWTP,15.6246,16.2655
B0DK9Q4DSG,15.6246,16.2655
B0DK9QKGXY,15.6246,16.2655
B0DK9QSLMS,15.6246,16.2655
B0DNMR3VFZ,46.3895,42.0738
B0DNMX58D4,46.3895,42.0738
B0DNMX66YX,42.6578,38.7552
B0DNMXTY8T,42.6578,38.7552
B0DNMYBBPV,42.6578,38.7552
B0DNMYK18N,42.6578,38.7552
B0DP4YDLQT,31.4485,28.9845
B0DQDQGRWZ,33.3286,30.4658
B0DQDQRZHF,33.3286,30.4658
B0DQDQS6C3,33.3286,30.4658
B0DQDTCQRT,33.3286,30.4658
B0DXFF51P3,65.0478,59.1227
B0DXFF938K,78.1086,70.8447
B0DXFFMMLZ,78.1086,72.2263
B0DXFFN4X5,72.5111,65.8169
B0DXFG9LYF,70.6453,64.1505
B0DXFG9LYJ,65.0478,59.1227
B0DXFGXBVN,72.5111,65.8169
B0DXFH5M24,70.6453,64.1505
B0DXFH5VT1,65.0478,59.1227
B0DXFHB4N4,72.5111,67.0988
B0DXFHGF2B,72.5111,67.0988
B0DXFJD3VT,72.5111,67.0988
B0DXFJKG4P,78.1086,72.2263
B0DXFJT4PJ,78.1086,70.8447
B0DXFJY6ST,72.5111,65.8169
B0DXFNGH4Z,85.8141,89.2466
B0DXFR4T1W,158.2397,164.4212
B0DXFSMGDX,85.8141,89.2466
B0DXFTM992,158.2397,164.4212
B0FD41Q4B3,61.6722,64.1505
B0FD42117M,56.8438,59.1227
B0FD4221RM,60.0627,62.4698
B0FD42DWR4,64.8911,67.4976
B0FKTHVKG7,92.2519,95.1717
B0FKTKRTCD,92.2519,95.1717
B0FKTKXDLX,124.4411,128.3579
B0FKTMWC1P,124.4411,128.3579
B0FMS2F3M4,76.1573,78.5786
B0FMS2KNRW,76.1573,78.5786
B0FMS2PBLM,72.9384,75.26
B0FMS2VTGK,72.9384,75.26
B0FMS3PG8S,76.1573,78.5786
B0FMS3WS4Q,66.5006,68.6228
B0FMS3X5HH,77.7668,80.2451
B0FMS44R5C,72.9384,75.26
B0FMS4FXHP,66.5006,68.6228
B0FMS4GRSM,69.7195,71.9414
B0FMS4QHXJ,66.5006,68.6228
B0FMS4XSS1,69.7195,71.9414
B0FMS52L55,66.5006,68.6228
B0FMS5543Y,77.7668,80.2451
B0FMS5JZZC,72.9384,75.26
B0FMS5P815,69.7195,71.9414
B0FMS5P81D,69.7195,71.9414
B0FMS6DP6C,76.1573,78.5786
B0FMS77H71,77.7668,80.2451
B0FMS79RGV,77.7668,80.2451
B0FNRK89HS,77.7668,80.2451
B0FNRM6D7M,76.1573,78.5786
B0FNRMBFWF,72.9384,75.26
B0FNRPCVQL,69.7195,71.9414
B0FNRPLZTX,66.5006,68.6228
B0FP2RYCMQ,258.0262,268.3239
B0FP2S3QKW,258.0262,273.9071
B0FP2T42F5,258.0262,268.3239
B0FP2TNCB1,258.0262,268.3239
B0FPD4BJMR,79.3762,82.5524
B0FR5BJGNQ,258.0262,268.3239
B0FR5GCL7G,258.0262,268.3239
B0FTGCP6TL,13.3742,13.9154
B0FV8LZ6NV,46.3895,42.3872
B0FV8MYW52,42.6578,39.0401
B0FV8N5SSJ,42.6578,39.0401
B0FV8NFWCS,42.6578,39.0401
B0FV8PW18G,42.6578,39.0401
B0778NQ85V,60.0627,0.0
B0C8P5XMHQ,63.2816,0.0
B0CZTY5MFG,58.4533,0.0
B0CZTZTN7N,60.0627,0.0
B0CZV19JFB,63.2816,0.0
B0G2SG1L9X,63.2816,0.0
B0G2SGTM3J,56.8438,0.0
B0G2SHYDH5,58.4533,0.0
B0G2SJ6PV7,56.8438,0.0
B0G2SKL8CH,56.8438,0.0
B0G2SM8WD3,60.0627,0.0
B0G4CG58K1,58.4533,0.0
